id;image_url;created_at;created_by;updated_at;updated_by;deleted
1;yahoo;2023-12-04T04:03:13;Rubber;2023-12-04T09:46:11;Diesel concept Pontiac;true
2;Pollich Southwest;2023-12-03T19:13:41;Money;2023-12-03T17:11:21;Berkshire AGP Intranet;true
3;Auto transsexual Gender;2023-12-04T08:38:08;Nissan temporibus;2023-12-03T20:17:28;lest Volvo;true
4;Northwest Southeast;2023-12-04T08:20:43;platforms;2023-12-03T15:59:15;Zinc;false
5;Smart East Simonis;2023-12-03T15:06:41;person Florida Electric;2023-12-04T02:26:21;canalise besides;true
6;Baby Wooden;2023-12-03T19:53:59;ouch Bronze Designer;2023-12-04T06:53:59;3rd Milpitas;false
7;West West;2023-12-04T09:00:19;Macedonia;2023-12-04T05:18:18;Wagon Extended over;false
8;Rubber;2023-12-03T16:32:38;JBOD;2023-12-04T04:22:58;Bicycle;false
9;Planner sorrow driver;2023-12-03T15:36:05;Spain underneath;2023-12-04T02:04:28;Director;false
10;Leone Practical;2023-12-03T12:04:28;Smart Iowa;2023-12-04T02:45:18;transitional;false
