id;document_name;document_url;upload_date_time;doc_status;created_at;created_by;updated_at;updated_by;active
1;maroon Jazz hardware;quantify Bike payment;2023-12-03T17:39:03;River AI;2023-12-04T04:39:24;ohm Wagon oh;2023-12-03T14:08:11;Quality hertz Lynn;true
2;cum;Chief Southeast capacitor;2023-12-03T20:09:23;Tools mole;2023-12-03T11:34:38;optical;2023-12-03T17:59:34;Graphical;true
3;male Greece IP;maroon;2023-12-04T04:28:01;past Recyc;2023-12-03T16:13:15;monetize Optimization Chlorine;2023-12-04T07:03:29;indexing;true
4;Granite navigating Infrastructure;Southeast Delaware;2023-12-03T14:13:55;slight Cha;2023-12-04T09:12:43;Music Bronze;2023-12-03T13:31:46;command;true
5;sky platforms;Southeast;2023-12-04T07:29:42;Gasoline M;2023-12-03T21:52:19;sans Intuitive Associate;2023-12-03T17:34:05;reluctantly;false
6;SUV BMX;bypass;2023-12-04T04:21:31;initiative;2023-12-03T21:46:33;Georgia Somoni;2023-12-03T15:37:51;panel Wooden Diesel;false
7;Mazda Niger;Zloty;2023-12-04T07:45:34;totam port;2023-12-04T09:11:14;RAM Money notwithstanding;2023-12-04T07:10:19;Account pier Implementation;false
8;embrace Elegant;invoice;2023-12-03T21:07:16;Money;2023-12-04T04:56:33;Vanuatu migration Account;2023-12-03T21:44:31;Northwest tertiary Southwest;true
9;Southwest;salmon;2023-12-03T17:08:08;input Bedf;2023-12-04T00:35:40;waterlogged;2023-12-04T07:57:32;Forward;true
10;indigo Regional;PNG Auto;2023-12-04T00:49:54;blah;2023-12-04T06:46:35;panel;2023-12-04T10:45:09;Legacy Phased;false
