id;pin_code;created_at;created_by;updated_at;updated_by;active
1;female;2023-12-04T04:51:17;Paradigm ipsa deposit;2023-12-04T09:34:40;lux Awesome Small;false
2;canine;2023-12-03T14:21:36;Marketing port Security;2023-12-04T05:39:56;Generic;true
3;Shoes;2023-12-04T10:38:41;Electric;2023-12-03T21:07:09;male Handmade Shoes;false
4;Bowie ;2023-12-03T20:51:18;Towels Beauty;2023-12-03T22:01:46;Pop lavender;false
5;COM Sp;2023-12-03T18:12:04;outrun;2023-12-03T18:55:39;blue;true
6;RSS;2023-12-03T12:48:54;emulation Borders;2023-12-03T18:49:21;Cotton East Fields;true
7;Bedfor;2023-12-03T13:41:26;Chief concerning Berkelium;2023-12-04T05:58:13;integrated;false
8;interf;2023-12-03T14:56:29;Integration Freda;2023-12-04T05:47:18;API fugit Southeast;true
9;card s;2023-12-03T15:08:35;Granite Frozen Soft;2023-12-03T16:52:06;bandwidth;false
10;interf;2023-12-04T02:02:35;PNG China hack;2023-12-04T03:58:06;aha Steel;false
